<?xml version="1.0"?>
<SOUI name="mainWindow" title="VideoCom" bigIcon="ICON_LOGO:32" smallIcon="ICON_LOGO:16" width="494" height="392" margin="20,5,5,5" appWnd="1" resizable="1" translucent="0">
	<root colorBkgnd="#c0c0c0ff" skin="skin.background" cache="1">
		<window pos="0,0,-0,-0" skin="img_login_border" cache="1" name="win_login">
			<tabctrl name="tab_main" pos="5,5,-5,-5" tabHeight="0">
				<page title="login">
					<include src="LAYOUT:page_login" />
				</page>
				<page title="settings">
					<include src="LAYOUT:page_settings" />
				</page>
			</tabctrl>
		</window>
		<Turn3dView name="turn3d" pos="0,0,-0,-0" />
	</root>
</SOUI>
