<?xml version="1.0"?>
<SOUI name="mainWindow" title="VideoCom" bigIcon="ICON_LOGO:32" smallIcon="ICON_LOGO:16" width="1260" height="652" margin="20,5,5,5" appWnd="1" resizable="1" translucent="0">
	<root colorBkgnd="#5ea1f7ff" skin="skin.background">
		<window pos="0,0,-0,-0">
			<tabctrl name="tab_main" pos="0,32,-0,-0" tabHeight="0">
				<page title="">
					<include src="LAYOUT:page_main_1" />
				</page>
			</tabctrl>
			<caption pos="0,0,-0,32" show="1" font="adding:0">
				<text pos="29,9">标题</text>
				<imgbtn name="btn_close" skin="_skin.sys.btn.close" pos="-45,0" tip="close" animate="1" name="btn_close" />
				<imgbtn name="btn_max" skin="_skin.sys.btn.maximize" pos="-83,0" animate="1" name="btn_max" />
				<imgbtn name="btn_restore" skin="_skin.sys.btn.restore" pos="-83,0" show="0" animate="1" />
				<imgbtn name="btn_min" skin="_skin.sys.btn.minimize" pos="-121,0" animate="1" name="btn_min" />
			</caption>
		</window>
		<Turn3dView name="turn3d" pos="0,0,-0,-0" />
	</root>
</SOUI>
