<?xml version="1.0"?>
<SOUI name="window" title="布局" bigIcon="ICON_LOGO:32" smallIcon="ICON_LOGO:16" width="376" height="600" margin="1,5,5,5" wndType="8" toolWindow="1" resizable="1">
	<root cache="1">
		<window pos="0,0,-0,-0" colorBkgnd="#5ea1f7ff" colorText="#ffffff">
			<caption pos="0,0,-0,30" focusable="1" drawfocusrect="0">
				<text pos="5,4" name="txt_title">标题</text>
				<imgbtn skin="_skin.sys.btn.close" pos="-45,0" tip="close" animate="1" name="btn_close" />
				<imgbtn skin="_skin.sys.btn.maximize" pos="-83,0" animate="1" name="btn_max" />
				<imgbtn skin="_skin.sys.btn.restore" pos="-83,0" show="0" animate="1" />
				<imgbtn skin="_skin.sys.btn.minimize" pos="-121,0" animate="1" name="btn_min" />
			</caption>
			<img pos="128,64" size="120,120" name="img_emp_head" skin="img_head_default" />
			<toolbox pos="32,312" size="80, 32" skin="" icon="" text="电话" animate="1" class="" />
			<toolbox pos="32,360" size="80, 32" skin="" icon="" text="邮箱" animate="1" class="" />
			<edit pos="128,312" size="144, 32" colorBkgnd="#FFFFFF" cueText="" colorText="#000000" enable="0" name="edit_tel" />
			<edit pos="128,360" size="144, 32" colorBkgnd="#FFFFFF" cueText="" colorText="#000000" enable="0" name="edit_email" />
			<button pos="136,448" size="72, 32" colorText="#000000" skin="_skin.sys.btn.normal" name="btn_cancel">返回</button>
			<button pos="120,504" size="104, 32" colorText="#000000" skin="_skin.sys.btn.normal" name="btn_send_video">发送视频聊天</button>
			<edit pos="128,192" size="120, 32" colorBkgnd="#FFFFFF" cueText="" colorText="#000000" enable="0" name="edit_name" />
			<edit pos="128,232" size="120, 32" colorBkgnd="#FFFFFF" cueText="" colorText="#000000" enable="0" name="edit_dept" />
		</window>
	</root>
</SOUI>
